Direct_Solar_Rad,T_ext,Occupants,Q_cooling,sinhour,coshour,sinday,cosday,sinmonth,cosmonth,T_int
0,10.80833,0,0,-1,-1,-0.97493,-0.90097,-1,-1,18.12067
0,10.80833,0,0,-1,-1,-0.97493,-0.90097,-1,-1,22.63211
0,10.80833,0,0,-1,-1,-0.97493,-0.90097,-1,-1,18.22155
0,10.80833,0,0,-1,-1,-0.97493,-0.90097,-1,-1,23.36176
